numero de post,commentarios
1,Circuito 8-10 para cuÃ¡ndo estarÃ¡ programado?
1,ğŸ‘ğŸ‘ğŸ‘
2,De verdad aÃºn no entiendoâ€¦ nuevas medidas y sigue la cuarentena en lugares que ni salen en el informe. En la City sigue las fiestas y no hacen nada. Ah pero como payaso quedan los que viven en chorrera ğŸ¤¡
2,"Siempre dice; arraijan, vista alegre_ arraijan, vista alegre y la cuarentena dominical solo para chorrera, que vağŸ˜ƒ"
2,Quisiera saber donde estÃ¡n vacunando la 2a dosis de AstraZeneca Â¿Por favor?
2,No veo a chorrera x ahi y todavia sequimos es enhuecados
2,Cuando con esas vacunas de AstraZeneca ğŸ™„.
2,La Chorrera ni figura en esa lista y seguimos encerrados los domingod
2,"No se por que Alcalde DÃ­as tiene toque de queda a las 10,si no hay muchos contagios?"
2,ğŸ™Œpor que chorrera encerrados los domingos ni sale con casos ?? Q pasa nos cierran a nosotros para atender a todo PanamÃ¡ oeste ..no es justo hasta cuando???ğŸ”¥ğŸ”¥ğŸ”¥
2,Me atendi el dÃ­a de hoy en el seguro de santa libra generoso guardia y la doctora Allyson feres me diÃ³ una mala atenciÃ³n a mi persona y los demÃ¡s asegurados no los resbisaba y daba dictÃ¡menes mÃ©dicos solo viendo las personas valla creo que tiene ojo biÃ³nico recetÃ³ muchos medicamentos que no habÃ­an en la farmacia creo que deben tener doctores competentes a la hora de atender a los ciudadanos ya que Tamos en pandemia y no es recomendable que un doctor le diga a un paciente que regrese al dÃ­a siguiente pudiendo darle un dictamen competente para que el paciente no tenga que salir de nuevo a exponerse demÃ¡s no tenÃ­a careta ni mascarilla puesta
2,Wao... ayer empezaron a vacunar y ya bajaron los casosğŸ‘ğŸ‘ğŸ‘ğŸ¤£
2,Muy mala organizaciÃ³n para las vacunas
2,Donde estaran haciendo los barridos para Arraijan o uno tiene que adivinar??????
3,Eso no se lo cree nadie
3,Incluyan los fallecidos por covid que ya tenÃ­an las 2 vacunas
3,Fake news... Todo es engaÃ±o
3,CHORRERA DOMINGO 1 PARA LA PESA NADIE PASA. LIBERTAD PARA LA CHORRERA
3,Bajaron las pruebas
3,Jajajajaajajajajaj.
3,Compartan la informaciÃ³n de los vacunados y no de los infectados. Eso es terrorismo
3,"Analizar a estas alturas de la vida que puede matarte, si la covid19 o la vacuna es poco tedioso de algo uno morirÃ¡. Si me da covid puedo morir, o salir bien. Igual serÃ­a si me vacuno no pasa nada y me protege de que el virus me de fuerte o simplemente no desarrollÃ© anticuerpos y no pude librarla. AsÃ­ es esto de simple"
3,Omar Torrijos 2 dÃ­as de primero ğŸ˜®
3,ğŸ™ŒG
3,"ğŸ™„ğŸ‘‰ğŸ­Yo no me ConfÃ­o, eso estÃ¡ fuerte la juventud es la ue esta entrando ahora 600ğŸ¤”"
3,A vacunarse muchachos para asi evitar hospitalizaciones innecesarias y mjertes que lamentar.
4,No entiendo osea q uno anda en la ciudad y ni sabe a que hora puede andar circulando todo un enrredo ...porque en un distrito si es a las 12 y en otro a las 10 que ganas de complicar todo! ya quiten ese toque de queda de verdadğŸ¤¬ğŸ¤¬ğŸ¤¬ğŸ¤¡
4,12:00 am a 4 pm ok
4,Por quÃ© pinga avisan eso hoy a esta hora??? ğŸ˜ 
4,Que pendejada con ese toque de queda
4,ğŸ¤¦ğŸ»â€â™‚ï¸ ya quiten ese toque de queda ğŸ™„ğŸ¤¬
4,"Hasta cuando este relajo, o es que no tienen mÃ¡s nada que hacer que enredar y jugar con el pueblo. NINGÃšN PANAMA MEJOR, ESTAN ES HUNDIENDO RL PAIS"
4,"Quiten el del distrito de San Miguelito ğŸ™„ğŸ™„ğŸ™„, que pendejada en verdad"
4,"Ya no se a quien creer, al instagram o a un documento firmado por el presidente donde no sale san miguelito."
4,No tiene lÃ³gica ese toque de queda que solo arruina a negocios que tratan de salir adelante
4,"Mi hijo tiene 17, lo inscribÃ­ en marzo con mi cÃ©dula por ser menor de edad, ahora que van hacer el barrido en Arraijan cÃ³mo sacÃ³ la cita o uno lo lleva sin cita"
4,Ya la verdad no entiendo la funciÃ³n del toque de queda...
4,Cuando hacen barrido de 8-9?ğŸ˜¢
5,Hasta cuando con chorrera!ğŸ™„ğŸ¤¬
5,"nuevas medidas y ColÃ³n sigue igualğŸ™„ğŸ™„ğŸ™„ğŸ™„vaya manera de ""reactivar la economÃ­a""ğŸ™„ğŸ™„ğŸ™„"
5,Chitre pa cuando?
5,Para ellos chorrera no existe ni lo mencionan
5,San Miguelito?
5,SAN MIGUELITO PERTENECE A PANAMÃ CENTRO Â¡DE NADA!â¤ï¸
5,Sera que azuero no existe
5,"Los santos y Herrera para cuando, se estÃ¡n comiendo el comercio acÃ¡ por Dios que medidas mÃ¡s idiotas tiene el minsa"
5,PmÃ¡ este
5,Para cuando suspenden chorrra si su tema es con los lugares de expendio de licor pues multen y si so reincidentes pues apliquen la ley oara eso son Ã±a autoridad pero no priven a toda chorrera ya que arraijan no tiene cuarentena
5,Y Penonome? ._.
5,En veraguas ponen cuarentena total y despues ponen que otros lugares no por fin hay o.no cuarentena
6,ğŸ™Œ
6,Quiero consultar mi cita... Y la pagina no funciona. AlgÃºn numero para llamar.?
6,Que Dios tenga misericordia
6,Que Dios tenga misericordia
6,Q pasa con la plataforma no funciona quiero verificar la cita y me sale q en estos momentos no funciona
6,"Me tengo que vacunar con la segunda dosis de Astrazeneca pero no se donde la estÃ¡n colocando ğŸ˜¢, soy de Bella Vista"
6,En san Miguelito donde por ir a vacunarme
6,Esa plataforma no funciona se cae uno intenta nuevamente el siguiente y nada ya quiten eso y pongan las vacunas x Corregimiento para que la gente se vacune el di que le toque a su Corregimiento pongan tal fecha se vacunaron los de 30 a 40 asÃ­ sucesivamente hasta que terminen
6,Como se hace para verificar y no mandan correos para saber si tienen cita o no para el circuito 8-1 @minsapma
7,Parece mentira pero la zona indÃ­gena siempre la mÃ¡s olvidadas
7,ğŸ‘ğŸ‘ğŸ‘ğŸ‘ğŸ‘
7,"ME TIENEN MAMADA CON ESA ESTUPIDEZ DE LA DISTANCIA ğŸ˜¡ğŸ˜¡ğŸ˜¡ğŸ˜¡ğŸ˜¡ğŸ˜¡ğŸ˜¡ğŸ˜¡ğŸ˜¡ğŸ˜¡ğŸ˜¡ğŸ˜¡ğŸ˜¡ğŸ˜¡ğŸ˜¡ğŸ˜¡ğŸ˜¡ğŸ˜¡ğŸ˜¡ğŸ˜¡ğŸ˜¡ğŸ˜¡ğŸ˜¡ğŸ˜¡ğŸ˜¡ğŸ˜¡ğŸ˜¡ğŸ˜¡ğŸ˜¡ğŸ˜¡ğŸ˜¡ğŸ˜¡ğŸ˜¡ğŸ˜¡HASTA CUANDO CON ESO O ES QUE USTEDES NO VEN LOS METRO BUSES, EL METRO LA GENTE POCO LE. FALTA POR ABRAZAR AL QUE VA AL LADO, LOS ALMACENES, LOS SUPERMERCADOS NI SE DIGA, QUE CARAJO CONTROLAN, DEJE. DE HABLAR DE DISTANCIA DIOS MIO QUE ES LO QUE TIENEN EN LA CABEZOTA ESA, SE HACEN LOS CIEGOS UYYYYY QUE FRUSTRACIÃ“N, Y TODA LA CULPA A LOS JÃ“VENES Y QUIEN COÃ‘O LOS MANDO A QUE FUERAN LOS BUSES AL 100% NO FUERON USTEDES MISMOS POR DIOS OYE DEJEN YA DE JUGAR CON LA MENTE DE LA GENTE Y VACUNEN MÃS RAPIDO Y ORDENADAMENTE QUE ESO ES LO QUE SE QUIERE"
7,Excelente labor de mi colega Enilso Miranda ğŸ‘
8,Chorrera para cuÃ¡ndo?
8,"Cuando vuelven a vacunar en el circuito 8-6? Yo me inscribÃ­ en el registro de vacunaciÃ³n desde enero, y nada, cuando estaban vacunando en mi circuito me dijeron que necesitaba cita, la pedÃ­ y no me la han asignado... Y tampoco veo luces de que vengan a vacunar en mi Ã¡rea."
8,ğŸ‘ğŸ‘ğŸ‘
8,ğŸ‘ğŸ‘ğŸ‘ğŸ‘ğŸ‘ğŸ‘
8,ğŸ‘ğŸ‘ğŸ‘ğŸ‘ğŸ‘
8,ğŸ¤®ğŸ¤®ğŸ¤®ğŸ¤®ğŸ¤®ğŸ¤®ğŸ¤®ğŸ¤®
8,Excelente
8,Felicidades prima OderayğŸ‘x su esfuerzo y dedicaciÃ³n a su trabajo q deja muy en el altoğŸ‘
8,Felicidades prima OderayğŸ‘x su esfuerzo y dedicaciÃ³n a su trabajo q deja muy en el altoğŸ‘
8,Saludos Oderays
8,"La gran mayorÃ­a quiere vacunarse, pero hay personal que no ayuda mucho. Hay unos que dicen claro puede traer a su familia a vacunarse y los otros te salen que no se puede"
8,ğŸ’€ğŸ’€ğŸ’€ğŸ’€ğŸ’€ ğŸ’©
9,Donde para ponerse la segunda dosis de aztraceneca en el 8-8???
9,La pÃ¡gina esta caÃ­da ya he intentado de todas las formas posibles cada vez que intento verificar mi cita o ingresar a mi tÃ­a la pÃ¡gina no responde
9,Falta de respeto hacia los que nos hemos inscrito desde enero para la vacunaciÃ³n pfizer ahora resulta que si tengo mÃ¡s de 30 dice que me agendaron vacunaciÃ³n con aztraceneka y solo para embarazadas y enfermedades crÃ³nicas con pfizer no se supone que es la que uno desea aclaren esos la poblaciÃ³n que si uno no lee bien ese formulario agendas para la aztraceneka ğŸ¤¨ğŸ¤”
9,alguien que me diga la pÃ¡gina para registrar mi hija de 18 que no puedo entrar
9,"Abran la vacunaciÃ³n sin citas y mÃ¡s centros de vacunaciÃ³n, sin tantos protocolos"
9,Barriendo con la poblaciÃ³n incauta
9,"Pues pacientes cronicos no vi, puros yeyes llevando a sus hijos menores de 12 aÃ±os, no eran pacientes discapacitados ni cronicos. Donde estan los pacientes cronicos que de verdad necesitan la vacuna?"
9,anuncien cuantos vacunados van en su reporte diario @minsapma
10,"Las AstraZeneca cuando llegan, mi hermano le falta la Ãºltima dosis estamos en 26 de julio y ya ha ido a varios lugares y no hay"
10,EstÃ¡n vacunando en el auto express del boulevard de PenonomÃ©??
11,Las AstraZeneca en Bethania cuando llegan falta 2da dosis a mi hermano hoy es 26 de julio
11,Cuando llegan las Aztraceneca para la segunda dosis
11,Y que le paso a la seÃ±ora que tienen esa flecha
11,ğŸ™Œ
11,Que paso circuito 8-9 y 8-10
11,Podrian dar los puntos de vacunaciÃ³n en santiago porfavor.
11,En q es cuela para ir a vacunarme
11,Cual son los c
11,9-1 en que escuela van a vacunar
11,Esa seÃ±ora tiene un lÃ¡piz en el ojo y nadie la atiende? De verdad que nuestro sistema de salud esta en decadencia.
11,Por favor son extraterrestres !! Revisen la pagina del Minsa ubiquensen por eso que Panama anda asi por atrasados como estos
12,una pregunta si no tengo auto para la vacuna del romel que me toca puedo ir a llegar a ya y que me vacunen
12,La provincia panama Oeste cuando el varrido Pfizer.
13,Gra SeÃ±or por todas tus Bendiciones â¤ï¸ğŸ™ğŸ»â¤ï¸ğŸŒŸğŸ¤—
13,"Una pregunta por que estan siendo manipuladas sin guantes?? Recordar los cuidados con estos medicamentos( vacunas), que son para el pueblo. Saludos,,,"
13,Para el cuay cuando
13,Cuando estarÃ¡n en sanmiguelito
13,Genocidio contra la humanidad
13,ğŸ‘ğŸ‘ğŸ‘
13,ğŸ™ŒğŸ™ŒğŸ‡µğŸ‡¦ğŸ‡µğŸ‡¦ğŸ’¯
13,ğŸ‘
13,Bien hechoÂ¡
13,Y pacora para cuandoooooooğŸ˜¢
13,ğŸ‘ğŸ’ªğŸ‡µğŸ‡¦
13,8-5??
14,"Buenas, donde saco citas para ir al Romel Fernandez????"
14,"Porque dicen que se verifiquen en la pÃ¡gina y estÃ¡ sale con errÃ³r y antes me decÃ­a que me habÃ­an puesto las vacunas, que desastre esta pÃ¡gina,, llamada al 177 ayer sonaba hoy sale ocupado y muchas veces se cierra la llamada, sean serio"
14,Quisiera saber donde estÃ¡n los centros de hisopado express en PanamÃ¡
14,"Me tienen bombardeada con correos para vacunarme, y ya me puse la primera dosis,y en ese 177 no contesta ni la calavera! ğŸ™„"
14,"Me ha llegado el correo de la vacuna unas 50 veces aproximadamenteğŸ¤¯ hoy contÃ© 30 correos. Ya estoy vacunada y me siguen llegando correos que vaya el domingo, es decir ayer, a vacunarme. Estoy llamando desde el viernes para avisar que ya me vacunÃ© y la lÃ­nea ocupada. ğŸ¤¦ğŸ»â€â™€ï¸"
14,"CÃ³mo en PanamÃ¡ oeste hay barrido desde el 28/07/2021 y anunciaron que se verificarÃ¡n en la pÃ¡gina despuÃ©s de las tres de la tarde, pero para barrido xq estÃ¡n solicitando cita, si quieren le llevo la escritura de mi casa"
14,https://www.panamaamerica.com.pa/opinion/no-es-obligatorio-vacunarte-1191256/amp?__twitter_impression=true&s=08
14,ğŸ˜‚
14,DÃ³nde estarÃ¡n vacunando
14,Hola buenas tardes hasta q hora estÃ¡n vacunando en el@romel fernandez
14,Esa pÃ¡gina qva quiero sacar sita y no puedo
14,Hola alguien me pude decir como para cuando empezarÃ¡n a vacunar los del circuito 2-3 ğŸ˜¢ğŸ˜¢ğŸ˜¢ğŸ˜¢
15,"Buenos dÃ­as, tengo cita en el auto express del Romel, pero no tengo auto en estos instantes..ğŸ˜¢ puedo asistir? Gracias"
15,Hasta ahora eso se d bio efectuar enseguida
15,ğŸ‘ğŸ™
15,Yvt
16,"Buenos dÃ­as, necesito de su atenciÃ³n y soluciÃ³n a mi caso. Porque voy a viajar pronto... Mi problema es el siguiente, el dÃ­a 14 de junio me colocaron la primera dosis de astrazeneca en el colegio JosÃ© A Arango y el 25 de Julio la segunda dosis de Pfizer en la escuela bilingÃ¼e JapÃ³n y ninguna de las 2 dosis aparecen cargadas en el sistema."
16,Nuevo Punto de hisopado con Finalidad de Obtener Resultados â€œPositivosâ€ para Generar mas controversia en Panama. ğŸ¤¦ğŸ¼â€â™€ï¸
16,Buenas tardes quien me ubica los sitios que estÃ©n vacunando sin cita . Gracias
16,https://www.panamaamerica.com.pa/opinion/no-es-obligatorio-vacunarte-1191256/amp?__twitter_impression=true&s=08
17,"Siguen muriendo los adultos mayores de 60 aÃ±os, que lamentable. Â¿EstarÃ­an vacunados?"
17,Colon no sale y sigue en cuarentena
17,San Francisco y otros salen en casi todos los informes y no los ponen en cuarentena y a otras Ã¡reas los tienen jodidos con cuarentena los domingos
17,"De chorrera solo sale el coco, y aÃºn en cuarentena. Hasta cuandoğŸ˜¡. AhÃ­ veo corregimientos que salen en todos lo informe y no lo ponen en cuarentena. PanamÃ¡ oesteğŸ¤¡"
17,"Tocumen y 24 de Diciembre siempre entre los primeros, cuando con el barrido... Las personas se quieren vacunar. Se van a otras Ã¡reas y los echan para atrÃ¡s."
17,Hey en mi casa hay 2 personas covid Positivas.. Nos tienen en Cuarentena!!! Ya la comida ya casi se acabo dijeron que Hiban a traerla Y NADA.. ENTONCES QUE!! TENEMOS QUE AGUANTAR HAMBRE?? YA desde la semana que paso estab con que hiban a venir y nada!! Me dieron un nimero para solicitar los. Medicamentes y en ese numero nadie Respomde!!! ğŸ˜¡ Si de aqui a la Tarde!! No. Llama nadie para suplir las medicinas de las 2 personas diabeticas y con problemas del corazon VOY A TENER QUE SALTARME LA CUARENTENA!!
17,Y cuando el 8-5 para la vacuna masivamente
17,"Divulgan pÃ¡nico, datos que manipulan la psiquis de las personas. Un caso positivo, de una prueba pcr que tiene altas probabilidades de marcar positivo con solo una pequeÃ±a carga viral, no significa que es un caso activo, ni una persona enferma, ni una persona contagiosa. Dejen ya de ser parte del bioterrorismo. Y solo en la CSS muere la gente ? No escucho de otros hospitales adonde estan muriendo pacientes de covid, o serÃ¡ que en CSS cometen negligencia y asesinato al no brindar tratamiento oportuno ni acertado?"
17,ğŸ˜±ğŸ™
17,El 8-10 para cuando?
17,Para cuÃ¡ndo el barrido para tocumen y la 24 no entiendo entre los primeros y aÃºn el barrido de vacunas ????
17,CÃ³mo puedo reprogramar la cita de vacaciÃ³n en el Rommel??? El nÃºmero 177 no funciona y Raisa no tiene la opciÃ³n de reprogramar
18,No mas cuarentena los Domingos en ColÃ³n
18,Deseo hace mÃ¡s de 5 dÃ­as el RT en La Chorrera es menor de 1 cual es el sustento cientÃ­fico para que la sigan jodiendo la economÃ­a @lpacosucre
18,"Jajajaja porque no fueron 1,000 recuperados como ayer?? Claro 800 casos, ponen la misma cantidad de recuperados."
18,Fake news
20,En el 8-10 cuando seran las vacunas
20,CuÃ¡ndo serÃ¡ el barrido en el 8-10?
20,Eso de barrido.es q puede ir.cualquiera
20,Colon cuando barrido?
20,El 8-9 cuando el barrido ?
20,ğŸ‘ğŸ‡µğŸ‡¦
20,Y aca en panama cuando
20,DÃ³nde es la jornada d vacaciones de 12 octubre o parque lefevre
20,"adonde la segunda dosis de Astrazeneca en Panama, por favor?"
20,"adonde la segunda dosis de Astrazeneca en Panama, por favor?"
20,8-10 cuando serÃ¡ el barrido ????
20,Ey
21,Para cuando el circuito 8.9
21,Nunca la gente serÃ¡ conforme! Dios mÃ­o! ğŸ¤¦â€â™‚ï¸ğŸ¥º
21,La musik del sacrifico masivoğŸ˜‚ğŸ˜‚ğŸ˜‚
21,ğŸ‘ğŸ‘ğŸ‘
21,No comprendo indican que mayores de 16 aÃ±os y a niÃ±os de menos edad los estÃ¡n vacunando
21,"Yo fui, todo muy organizado y ordenado ğŸ‘"
21,"Ni loco, me pongo esa vaina ."
21,Excelente trabajo
21,Cuales son los centros de vacunacion para el 8-6
21,Esa burbuja de aire que le metieron a la seÃ±ora que sale de ultimo en el video es normal? ğŸ˜¢
21,Excelente coordinaciÃ³n en la escuela Ricardo mirÃ³ (pueblo nuevo) buen trabajo a todos los que estaban apoyando ğŸ‘ğŸ‘ğŸ‘ğŸ‘ğŸ‘
21,"Por quÃ© ahora la obligatoriedad de la vacuna, si la vacuna no evita el contagio, una persona vacunada puede contagiar a otra igual que una no vacunada. Â¿Entonces cuÃ¡l es el peligro que representa una persona que no se ha vacunado ministra?. Covid19 y vacuna, plan para reducir la poblaciÃ³n mundial."
22,"Ya salieron usd genocidas y en tocumen publicando que los vacunados no tendrÃ¡n cuarentenas en hoteles.
PanamÃ¡ es el Ãºnico paÃ­s de AmÃ©rica Latina con la mayor arbitrariedad y donde coartan las libertades fundamentales de los ciudadanos a su antojo: cercos sanitarios, cuarentenas cada vez que se les ocurre, obligar a turistas y visitantes a permanecer presos en hoteles que son ratoneras de lo peor por 3 dÃ­as, para luego obligarlos a hacerse pruebas pcr por 3 o 4 Ã±ta vez.
Piden pruebas de covi para entrar al paÃ­s 3 veces.
Quieren imponer vacunacion o apartheid.
Las escuelas cerradas y universidades y cuando las habrÃ¡n usarÃ¡n la vacunacion como coacciÃ³n para ir presencial.
En el Ãºnico lugar que el minsa se sienta a pasar lista e intimidar es en las iglesias y sitios de FE y oraciÃ³n, porque nunca lo hacen en supermercado ni en otros lugares de verdadera afluencia continua. La ira de Dios los harÃ¡ pagar a todos ustedes genocidas, en este mundo o en el de Dios cada uno de ustedes que se han prestado al exterminio de la humanidad pagaranğŸ”¥"
22,ğŸ‘ğŸ™
23,Yo espero que los vacunado jÃ³venes no se impacientes a estar en parquin tratemos de ganarle la batalla e ese enemigo invisible todavÃ­a ay vida para rato....1Dios dentro de seis meses nos abrazaremos pero todavÃ­a con precauciÃ³n este enemigo no se quiere doblegar..el virus lo paramos nosotros...
23,"Ayer fui a las 1pm
y estaban cerrando fila y me toco regresarme.
EstarÃ¡n vacunando nuevamente esta
semana que viene en la escuela Ãrabe de Libia?
(esta semana no me dio tiempo) pera la que viene si podrÃ© ir."
23,ğŸ‘ğŸ‘
23,El 8-9 cuando estarÃ¡n con los jÃ³venes ğŸ’‰
23,8_10 cuando por favor
23,Cuando el 8-3 ?
23,No entiendo a mi me mandaron a mi correo q debÃ­a ir al instituto America a vacunarme fuÃ­ x q ya me tocaba mi segunda dosis y me regresaron x q solo es para la primera dosis y q fuera Lunes a Albrook Mall fui hace poco a albrook y q cancelaron la vacunaciÃ³n de Hoy .es un relajo no entendÃ­
23,ğŸ‘ğŸ‘ğŸ‘
23,â¤ï¸
23,Oigan y para cuando el circuito 8-9???
23,Desde maÃ±ana en donde estarÃ¡n?
23,ğŸ‘ğŸ‘ğŸ‘ğŸ‘ğŸ‘
24,"Buenas tardes, para cuando le toca a chorrera?"
24,Para cuÃ¡ndo en la 24de diciembre
24,una pregunta si tengo 26aÃ±os podre ponermela
24,El 8-9 estamos esperando siempre estamos en los lugares q tienen mÃ¡s casos Ernesto CÃ³rdoba Campos
24,"Por favor para cuando viene la jornada de vacunaciÃ³n para personas de 40 aÃ±os y mÃ¡s en la Chorrera, estoy inscrita desde el aÃ±o pasado a inicio y nada me verificÃ³ a ver si tengo cita y me sale que no"
24,"Q se vacunen pero q no e hagan los graciosos q porque se la pusieron van a seguir en el desorden y van a quitarse la mascarilla y a no seguir las normas de seguridad de seguirse cuidando , no son todos pero en su mayorÃ­a se creen lo mÃ¡ximo este poco de chiquillos q quieren hacer las cosas a su manera esperemos q no sea asÃ­ y q hagan las cosas bien"
24,estÃ¡n poniendo la segunda dosis de aztraceneca en el 8-8????alguien que me informe por favor
24,X favor q falta de organizaciÃ³n hoy me tocaba mi dosis con cita y cuando llegue no habia para que ponen eso asi
24,Cuando abren los domingos en colon??!!
24,Eso es hoy?
24,Donde ay vacunacion maÃ±ana o durante la semana en san miguelito
24,Tenemos que inscribirnos o solo tenemos que ir a inyectarnos
25,Y el 8-5 para cuando mucho contagio solo cuarentena
25,Necesitamos para Ã©l 8_10 queremos estar protegidos
25,Y el 8-10 pa cuandooo
25,Lo que NADIE esta diciendo es si el otro mes llegaran 967590 dosis mas para la 2da vuelta de estas personas
25,ğŸ‘
25,Pronto con Ã©l barrido para 8_10
25,Cuando con Chorrera
25,Y de esas vacunas yo registrada desde marzo y nada que recibÃ­ el correo para mi cita ğŸ‘
25,"Igual estÃ¡n vacunando a niÃ±os de 12 en adelante sin enfermedades crÃ³nicas. Al terminar la semana abren, los puestos de vacÃ­an y se llena de jovencitos. ğŸ‘ğŸ‘ğŸ‘"
25,Cuando conChorre
25,Usted quieren eliminar un poco de gente ya estÃ¡n muriendo y la gente no lo sabe.
26,la verdad que tristeza la falta de cultura del juega vivo los funcionarios pasando a sus amistades conocidos familiares por delante de los que forman fila todo es un juega vivo y dirÃ¡n si sus jefes lo hacen por quÃ© ellos no
26,"Hola, delen like â¤ï¸ a mi Ãºltima publicaciÃ³n se los agradezco. Bendiciones ğŸ™ğŸ¼"
26,Soy de la provincia de chiriqui porque aca no siguen las reglas las personas suben sin caretas a los buses y los guardias en las garitas se hacen los ciegos porque no dicen nada acaso somos inmunes al virus o que por favor seÃ±ores del minsa mas vigilancia y sanciones alos conductores y ayudantes porque ellos son los que deben tener el control si no llevas careta no subes y ya
26,Donde hay vacunaciÃ³n en la ciudad de Panama?
26,Buenas tardes dond hay vacunaciÃ³n en ciuda de PanamÃ¡ sin cita
26,Fui a udelas pÃ©sima atenciÃ³n una seÃ±ora grosera amenzando la gente x q viven en arraijan y eso que esta lloviendo la gente se trato de movilizar o sea buscando la vacuna que falta de respeto deberÃ­an dejar a la gente vacunarse ya si llegaron al lugar esa seÃ±ora deberÃ­an de votarla esta vestida de un sueter rojo pertenece a la boca.. esto es salud igual para todos ...ella que se cree la dueÃ±a de todas las vacunas
26,"En el dÃ­a de hoy domingo 25 de julio mi sobrina q vive el circuito 8-7, fue a vacunarse, a la escuela, centro bilingue Manuel JosÃ© hurtado y una de las organizadoras le comunicÃ³ q no podÃ­a vacunarse, porq no tenÃ­a cita, no entiendo se supone q es barrido. No habÃ­a fila, solo habÃ­an 3 personas, esa actitud no nos ayuda. Sres porrr favorrrr"
27,Por favor controlen a los gimnasios exclusivos del paÃ­s. Mucho contagio
27,"SerÃ¡ que podran llegar a ciudad Radial detrÃ¡s de la Escuela JosÃ© Ma Torrijos donde hay una zanja que tiene mÃ¡s de aÃ±o y medio que corre agua limpia y lkena de basura, herbazal y la mosquitera que no se aguanta"
27,"Buenas tardes.., por favor, pasen a urb Los Pinos chanis, muchos mosquitos."
27,Y por que no sancionan a los dueÃ±os de lotes que los tienen hechos un chiquero.
27,En La Chorrera- Barrio ColÃ³n Lomas de Mastranto muchos mosquitos
28,De seguro la economÃ­a se va a levantar asÃ­ ğŸ”¥
28,EYY BASTA LO ÃšNICO QUE SABEN ES QUEBRAR LOS NEGOCIOS
28,"El problema es q no saben respetar reglas, bueno entonces ponga su multa y cierre el local a ver si van aprendiendo ğŸ¤·ğŸ»â€â™€ï¸"
28,Maldita dictadura
28,MaÃ±ana estÃ¡ abierto con otro nombre y ya ğŸ˜…
28,ğŸ™„ğŸ™„ğŸ™„ğŸ™„ğŸ™„ğŸ™„ dejen ala gente ser hay deudas que cubrir
28,Y entoces ya no se esta vacunando cual es la necedad. O es que la vacuna no sirve?
28,Excelente... Si no siguen las medidas no pueden seguir siendo focos de contagio.
28,Paren ya la dictadura sanitaria
28,"Excelente! Si no cumplen las reglas, multa y cerrado! Hasta cuando con esos empresarios que solo piensan en su bolsillo y no piensan en la salud de la poblacion!"
28,Hasta quÃ© cabrean apuesto si fuera de un prd ese negocio nada le dirÃ­an ğŸ˜¡ğŸ˜¡ğŸ˜¡ğŸ˜¡ğŸ˜¡ğŸ˜¡
28,El que.no cumple ....le cae la.ley asi de simple
29,Hay mas corregimientos de PanamÃ¡ que de Chorrera y encierran a Chorrera los domingos ğŸ¤·â€â™‚ï¸
29,DÃ³nde es Llano Norte?
29,"Ya sabemos que la vacuna es 90% efectiva y a la vez no sirve para nada ğŸ¤£ğŸ¤£ğŸ¤£ porque ya nos dicen a cada rato ğŸ“º que no evita que nos dÃ©, ni tampoco nos cura y tambiÃ©n que si te pones la vacuna y tras eso te contagias de covid tambiÃ©n puedes contagiar a otros!! ğŸ¤£ğŸ¤£ğŸ¤£ğŸ¤£ğŸ¤£ğŸ¤£ğŸ‘€ğŸ™†ğŸ¼â€â™‚ï¸ğŸ¤·â€â™‚ï¸ cual es la MORALEJA!! si despuÃ©s de la 5ta dosis que vayan a poner de aquÃ­ a al otro mes y los 4 millones de habitantes ya se vacunan y todavÃ­a estÃ¡ el covid por ahÃ­ que viene despues? Me gustarÃ­a saber!! Saludos ğŸ™‹ğŸ¼â€â™‚ï¸"
29,Por quÃ© no hacen barrido en estos corregimientos primero?
29,inmunidad de rebaÃ±o ğŸ˜‚
29,Y el 8-5 chorrera para cuando la vacuna masivamente
29,Si colÃ“n no estÃ¡ en lista porque nos tienen en cuarentena los domingos
29,Hay Santiago no te dejas!!!
29,El Minsa de Los Santos pone que Las Tablas tiene 12 y acÃ¡ aparece 17 no se ponen de acuerdo ğŸ˜¢
29,Y asÃ­ no hacen un buen barrido en Chorrera todavÃ­a ğŸ’¤
29,La Chorrera entonces porque los domingos cerrados o es que cerrar favorece a los yeyes movilizarse hacia el interior....
29,Milagro que San Francisco no estÃ¡ en el top 20.
30,Hasta la tu a estamos ğŸ¤”
30,"Sucre estÃ¡ esperando que llegue a 2,000 y se forma la demencia en el ministerio de salud, eso es lo que quieren, bueno eso viene..."
30,"Mucha gente hospitalizada, mÃ¡s contagio cada vez mÃ¡s, ya nadie hace caso difÃ­cil situaciÃ³n."
30,Fake news
31,8-10 para cuando
31,Y 8-10 ?
31,Y el circuito 8-10 cuando?
31,En espera de 8-10
31,Las vacunas de Chorrera cuÃ¡ndo?
31,Circuito 8-6 cuales seran los centros educativos
31,8-5 para cuando o no estamos en el mapa tambiÃ©n somos importantes como todos
31,ArraijÃ¡n que circuito viene ciendo?
31,Y el 8-9???
31,8-10 ?
31,La Chorrera supuestamente con mÃ¡s contagios y con cuarentena los domingos pienso que deberÃ­amos ser prioridad con el barrido y somos los Ãºltimos no entendÃ­
31,Cuando el 8-10 no era de los circuitos con mÃ¡s casos de covid y que esperan para hacer el barrido.
32,La verdad estÃ¡n haciendo muy buen trabajoğŸ‘ yo ya me vacune y fueron muy atendidos
32,Cuando llegan a Pacora yo si me quiero vacunar por favor
32,El 8-9?
32,"La vacunaciÃ³n estÃ¡ siendo muy desorganizada, gente con turno asignado llega a la cita y ya no hay vacunas."
32,PENSÃ‰ QUE TENIA UN CABELLO EN LA PANTALLA CON ESTA IMAGENğŸ˜‚ğŸ˜‚
32,Y colon??
32,"ğŸ‘ğŸ‘ğŸ‘ para los circuitos vacunados, el 8-5 sigue pasando paramos, cuarentena, total los domingos, casos positivos subiendo y la vacuna brilla por su ausencia...."
32,"Las personas de Tocumen y la 24 de diciembre pidiendo a gritos la vacuna, cuandoooooo"
32,ğŸ™ŒğŸ™ŒğŸ™ŒğŸ™ŒğŸ™Œ
32,"Cierto cuando Para el lado Este...24 de dic. Pacora, MaÃ±anitas etc..."
32,Un aplauso para los profesionales de la salud y su gran labor.
32,Y los que vivimos en San Miguelito podemos ir a otro lado o debemos esperar a que se hagan por acÃ¡ las vacunas?
33,"Duds, si una persona se anotÃ³ para Pfizer pero ahora prefiere la Astrazeneca se puede cambiar?"
33,Para cuando el Circuito 8-10?
33,"Cuando la chorrera usted como que quieren mantener la panama oeste cerrado me tienen arta a los demas circuitos le mandan barridos pero al oestes la,ğŸ˜¡ğŸ˜¡ğŸ˜¡ğŸ˜¡ğŸ˜¡ğŸ˜¡ğŸ˜¡"
33,Para cuando el circuito 8-10?
33,Una consulta Â¿Veraguas sigue en cuarentena maÃ±ana?
33,TRABAJADOR ASALARIADO DEL GOBIERNO O PRIVADA Solicita tu prÃ©stamo con nosotros !!! RÃPIDO Y FÃCILğŸ’µğŸ’µğŸ’µğŸ’µğŸ’µğŸ’µğŸ’µğŸ’µğŸ’µğŸ’µğŸ’µğŸ’µğŸ’µğŸ’µğŸ’µğŸ’µğŸ’µğŸ’µğŸ’µğŸ’µğŸ’µğŸ’µğŸ’µğŸ’µğŸ’µğŸ’µ EN ESTA PANDEMIA AYUDAMOS A TODOS.
33,ğŸ‘ğŸ‘ğŸ‘
33,ğŸ‘ğŸ˜ƒ
33,ğŸ‘ğŸ‘ğŸ‘ğŸ‘ğŸ‘
33,8-10 cuÃ¡ndo?
33,ğŸ‘ğŸ‘ğŸ‘
33,ğŸ™Œ
34,"Yo en la prÃ³xima quiero vacunarme en todos lados menos en Don Bosco...Ha sido de terror, para mÃ­ la peor jornada de vacunaciÃ³n...En todos los otros corregimientos paz y amor; Don Bosco ""ven a pagar por todos tus pecados...""ğŸ˜¢"
34,"deberÃ­an vacunar las 24 horas y mÃ¡s los fines de semana q la mayorÃ­a, de las personas no estÃ¡n trabajando"
34,Dan esos comunicados a media ..por eso que se forma todo el enredo
34,En juan diaz solo te vacuna si tiene cita si no tiene cita para atras
34,es con cita? vivo en juan diaz
34,"Lleve a mi hijo q es especial hoy y la logistica, el orden y la atenciÃ³n brindada me dejaron boquiabierta. Les felicito sigan asi (aunque uds saben q siempre hay desconformes)."
34,Pero en villa Lorena estan vacunando sin cita eso si tiene que llega temprano porque la fila es super larga
34,Es con cita???? ....comuniquen por favor
34,OJO SIN CITA TE NIEGAN LA VACUNA!!!
34,"Osea seÃ±ores, q parte de esto es una emergencia nacional, pandemia, dependencia d restricciones d movilidad y recuperacion economica no entienden????. Tienen q vacunar masivamente y 24/7 todos los dias y barridos sin excepcionesğŸ¤·â€â™‚ï¸ğŸ¤¨ğŸ˜’"
34,CuÃ¡nto debo esperar para vacunarme si ya me diÃ³ covid ?
34,Mi pregunta si la vacuna ğŸ’‰ deberÃ­as de tenerla todo por que pone tanta traba que la cita que recibo de luz con copia de cÃ©dula de propietarios
35,Â¡Excelente! Â¿CuÃ¡ndo el circuito 8-5? ...
35,ğŸ¤¡ğŸ¤¡sucre payasoğŸ¤¡ğŸ¤¡
35,"Gracias Junta comunal de Bethania y minsa , estÃ¡ haciendo excelente trabajo , muy buena coordinaciÃ³n, muy organizado en Instituto America"
35,Gracias equipo Dios les bendiga
35,Una consiulta buenas tardes en los andes estan vacunando
35,Cuando lo harÃ¡n en Colon?
35,"Se siente bien el estar vacunado junto con la familia.., gracias a DiosÂ¡Â¡ , los jÃ³venes estaban esperando hacerlo. ğŸ‘ğŸ‘"
35,El certificacion deber ser de imprenta o digital?
35,Que pasa si la persona no asiste en esta semana por cualquier motivo?
35,"Excelente equipo con el ministro de ambiente, el estÃ¡ haciendo un excelente trabajo ğŸ‘"
35,No hay que perder el tiempo del personal y vacunas como pasÃ³ en San Francisco que la gente no fue.
35,Deben vacunar a todo el que quiera. Lamentablemente estÃ¡n negando las vacunas al que no pertenece al circuito. El 8-9 no hay esperanza que lleguen
36,Gracias a Dios px mi PaÃ­s PanamÃ¡ se estÃ¡ vacunando...y con las mejores vacunas. Dios tiene el control...
36,Mi esposa fue hoy al Romel ya que tenÃ­a un mes de su primera dosis y en efecto le dijeron que tenÃ­a que esperar la primera semana de agosto
36,y como hago para mi segunda dosis
36,Yo la primera me la puse Aztraseneca y la segunda Pfize y aquÃ­ estoy sÃºper bien.
36,"Deben dejar tanto absurdo protocolo y dejar que las personas de cualquier lugar de paÃ­s asistan a los lugares donde ellos deseen. Muchas veces estamos cerca de un lugar que no es nuestra vivienda y queremos ir a Ã©l centro mÃ¡s cercano a Vacunarnos y dicen que no! Que debes ir a vacunarte en el sector que te corresponde. Yo vivo en dos lugares y actualmente mi sector me queda lejos y no tengo tiempo de ir a donde estÃ¡ mi lugar de residencia (porque actualmente estoy en la segunda vivienda donde vivo y me queda lejos una de la otra) por eso digo que deben dejar que las personas asistan al centro que deseen y no las manden para atrÃ¡s, porque no estÃ¡n en el sector que les corresponde. IGUAL SOMOS PANEMEÃ‘OS Y ES UNA VACUNA MAS PARA UN PANAMEÃ‘O MÃS. Porque tener que decirles que no los vacunaran porque deben ir a donde sale su lugar de residencia? VACUNEN Y LISTO! Dejen tanto show para vacunar. Las personas inspiradas queriendo vacunarse y ustedes matandole las ganas de hacerlo, porque los mandan para atrÃ¡s."
36,"El show se llama irresponsabilidad de las personas que no guardaron cuarentena, de personas que estÃ¡n contagiadas y no lo saben y salen a contagiar a otros. El show se llama solo importo yo y me sabe a ğŸ’©los demÃ¡s. A mÃ­ no me pasa nada que me importan los demÃ¡s. Es decir el show tiene varios nombres. Si todos hubiesen cumplido a cabalidad las restricciones y la bioseguridad y de verdad todos los paÃ­ses hubiesen sido enÃ©rgicos en muchas medidas ya esto se hubiese acabado hace rato y/o estuviÃ©semos lidiando con un virus y no con mutaciones."
36,Gloria a DiosğŸ™Œ
36,"Si tengo la primera de Astra SÃ©neca, me puedo vacunar la segunda con Pfizer"
36,Weeeee viene llegando mi segunda dosis ğŸ˜
36,ğŸ‘ğŸ˜ƒ
36,ExcÃ©lente px hay mucha de PanamÃ¡ e interior q estÃ¡ en espera de segunda dosis..
36,En PanamÃ¡ ya se puede uno mezclar la vacuna???? AstraZeneca y Pfizer?
37,Mayores de 16 osea que si tengo 20 puedo vacunarme?
37,"Barrido para el circuito 8-5 La Chorrera, Â¿cuando?"
37,Tienen a Chorrera en cuarentena los domingos y no anuncian barrido!
37,Las personas crÃ³nicas en otros paÃ­ses no los vacunan.
37,"Pero in joven de 20 aÃ±os va a vacunarse y no lo vacunan , pero llega su familia , amigos o recomendados del minsa rapidito lo vacunan , x eso que estamos como.estamos ."
37,"Por cuestiones de trabajo me tocÃ³ viajar de ChiriquÃ­ a PanamÃ¡ y ahora justamente estan vacunando en el 4-1, me dieron cita para maÃ±ana y todo. Supongo que me tocarÃ¡ seguir esperando. ğŸ˜”"
37,ğŸ‘ğŸ’ªğŸ‡µğŸ‡¦
37,ğŸ‘€ğŸ‘€ğŸ‘€ğŸ‘€ğŸ‘€ğŸ‘€ğŸ‘€
37,y cuando para el circuito 8-9
37,Ministro estoy buscando la manera de vacuname resido en el Ã¡rea de San JosÃ© de San Carlos y no vemos fechas de barrido en esta Ã¡rea ya que es de Gran concurrencia los fines de semana lleno de gente de la ciudad y es dificil conseguir trabajo ayÃºdenos x favor bendiciones
37,Felicito al personal de la campaÃ±a de vacunaciÃ³n de la Escuela BilingÃ¼e JapÃ³n muy diligentes atendiendo a aquellos que tenÃ­amos cita manejando las dos filas ordenadamente de los que tienen cita y los que no. AdemÃ¡s muy amables todos y eficientes en el manejo del proceso.
38,"Mis felicitaciones desde que empezÃ³ la pandemia creo que son los primera iglesia que veo que dona. La deben seguir las evangÃ©licas,catolicas,Adventistas,mormones, y muchas otras. No soy religioso soy agnÃ³stico y los felicito x el gesto que hacen."
38,ğŸ‘ğŸ‘ğŸ‘ğŸ‘ğŸ‘
38,"Buenas, barrido en PanamÃ¡ Oeste area de La Chorrera, cuando se realizarÃ¡?"
38,Mil bendiciones a todos ellos .por las donaciones
38,Porque donaciones si PanamÃ¡ tiene millones de millones mÃ¡s invertidos
38,ğŸ™ğŸ¼ Los Santos de los Ãºltimos dÃ­as ğŸ‘ğŸ¼
38,Y dnde sacan tanta plata
38,Gracias tambiÃ©n a los miembros q contribuyen con los diezmos y ofrendas para q esta donaciÃ³n fuera posible.
38,ğŸ‘ğŸ‘ğŸ‘ğŸ‘
38,ğŸ‘ğŸ‘ğŸ‘ğŸ‘ğŸ‘â¤ï¸ğŸ™ğŸ™ğŸ™
38,ğŸ‘ğŸ‘ğŸ‘ğŸ”¥ğŸ”¥ğŸ”¥ğŸ‘ğŸ‘ğŸ‘
38,ğŸ‘ğŸ‘ğŸ‘ğŸ‘ğŸ‘
39,Chorrera cuando?
39,Chorrera cuando ?
39,"AsÃ­ mismo estan esperando los de acÃ¡ del distrito de La Chorrera y los de 40 aÃ±os a 59 para poder regresar a sus trabajos ojalÃ¡ que este deseo se nos cumpla pronto.Dios los bendiga,acompaÃ±e,y los guarde siempre.Saludos.ğŸ‡µğŸ‡¦â¤ğŸ™ŒğŸ»ğŸŒ¹ğŸ˜˜ğŸ˜ğŸ¥°ğŸ¤—â£ğŸ™ŒğŸ»ğŸŒ¹"
39,Â¿CuÃ¡ndo el circuito 8-5? ğŸ˜¢
39,Chorrera cuando porfavor
39,????
39,Osea.... en ColÃ³n cuando!!!!
39,Cuando en chorrera? Hay muchos esperando que queremos vacunarnos
39,ğŸ˜‚ğŸ˜‚ğŸ™ŒğŸ”¥
39,Cuando vienen para pacora
39,Si y el circuito 8-10 cuando serÃ¡
39,Circuito 9-3 cuando y q lugares mi mamÃ¡ esperando y q si barrido y nadağŸ˜®
41,"La logÃ­stica que estÃ¡n tirando para esto es malÃ­sima. Primero mandan a registrar, ayer la ministra ruiz dijo estar pendiente de sus citas. En Don Bosco mandan a decir que es barrido y ahora me estÃ¡n diciendo que no solo hay que hacer la fila si o sÃ­, si no que tengas cita o no cuando se acaban las dosis chao que te vi. Yo estoy registrado desde Enero y no me parece justo cÃ³mo estan haciendo esto."
41,Cual es relajo y falta de respeto que hay personas con cita y las ponen a realizar la fila inmensa de los que NO tienen cita.
41,"PANAMÃ OESTE PARA CUANDO? (Vista Alegre, ArraijÃ¡n, Chorrera) ir de estos lugares a la City a muchos se lee complica, algunos con operaciones o simplemente gasto de pasajes innecesarios! TRAIGAN LAS VACUNAS A PANAMÃ OESTE. Muchos estamos esperando para ir a Vacunarnos."
41,PanamÃ¡ oeste cuando??? Arraijan y chorrera???
41,PARA CUANDO EN CHORRERAAAAA????
41,ğŸ˜¢Cuando el 8-9
41,Vayan a vacunarse y dejen de dar tanta excusa para no ir.
41,Una consulta. Las personas que en su fecha de vacunacion no pueden vacunarse. Como pueden a hacer para vacunarse.
41,y ColÃ³n? ğŸ˜¢
41,ColÃ³n cuando!!!!!!
41,San Miguelito cuando
41,Como que te mandan hacer una fila inmensa cuanto tienes cita y hora en el IPT Don Bosco. Y si formas fila y se acaban la vacuna que regreses el otro dÃ­a. Que clase de logÃ­stica es esa ğŸ¤·ğŸ»â€â™€ï¸
42,Consulta! Estoy viendo filas largas fuera de los lugares de vacunaciÃ³n. Aquellos con cita programada les toca hacer esa fila de todos modos? ğŸ‘€
42,"Desorden y aglomeraciÃ³n en la vacunaciÃ³n de Pueblo Nuevo. Personas de 16 a 59 aÃ±os, con cita y sin cita, todos revueltos. Para solo 1500 vacunas al dÃ­a. Â¿QuÃ© harÃ¡n las personas que sÃ­ tienen cita y su hora dice de 4 a 5 de la tarde? Â¡Le dirÃ¡n que no hay mÃ¡s vacunas! Â¡No pueden convocar a todo el mundo, POR LA AGLOMERACIÃ“N! En cambio la vacunaciÃ³n de adultos mayores que sÃ­ fue con cita, todo fue en orden."
42,Para que ponen citas si vana juntar con todo el mundo. Que desastre ğŸ˜­
42,"cuando piensan abrir las universidades ğŸ˜¡ abren hasta los push, bares, casinos y las universidades para cuando."
42,"Bueno tengo un problema, Yo me vacune en el estadio Rommel ( sin cita) y ya me llegÃ³ al correo la fecha y hora de la cita ğŸ˜‚ que hago pues?"
42,A partir de quÃ© fecha ya se podrÃ¡n vacunar los menores de edad que tengan mÃ¡s de 12aÃ±os? Pero sin ninguna enfermedad crÃ³nica o alguna discapacidad? gracias
42,En fila en PenonomÃ©.... y que se acaban las vacunas a las 10:30 a.m ğŸ”¥ğŸ”¥ğŸ”¥ğŸ”¥ğŸ”¥ğŸ™„
42,ğŸ™Œâ¤ï¸â¤ï¸â¤ï¸
42,ğŸ‘
42,ğŸ™Œ
42,8-10?
42,Es con cita o cualquiera?
43,"Favor aclaren si es con cita o no, siempre dan la informaciÃ³n a medias o si es por medio del padrÃ³n electoral como lo hicieron en las provincias de Herrera y Los Santos"
43,Lean arriba estÃ¡ toda la informaciÃ³n dejen la pereza y LEANNNNN.
43,Horario porfavor? Sin cita?
43,Para cuando barrido 8-6?
43,El circuito 8-8 tambiÃ©n incluye San Francisco?
43,"AntÃ³n para cuÃ¡ndo, suspendieron el barrido del 16 y ahora, cuÃ¡ndo? O hay que hacer parking como en PanamÃ¡ ğŸ™„ğŸ™„ğŸ˜‘"
43,Por fin ğŸ’ªğŸ¼ #DiosEsFiel
43,Esta es Pfizer o Astra
43,Tienen un solo relajo esta forma es peligrosa la cantidad de gente que asistir debieron seguir con cita asi podian controlar la cantidad de personas dentro del lugar hacerlo asi es peligroso para el bienestar de las personas. Y ademas que pasa con los que sacaron cita desde enero no me parece correcto
43,"Las personas con enfermedades cronicas hubieran sido prioridad a nivel nacional , muxas tienen q esperar hasta q lleguen a su circuito , que desorden han tenido con la vacunacion"
43,La vacunaciÃ³n de barrido incluye a cualquier persona o es con enfermedad?
43,Para cuando 8-10 los q nos apuntamos en la plataforma desde el inicio
44,Quiero vacunarme Â¿donde puedo ir sin cita?por favor
44,"Me toca la 2da dosis Aztrazeneca, Ya, puede ir sin cita al Rommel maÃ±ana 20 Jul ?"
44,Me toca segunda dosis de la astrazeneca me vacunÃ© en la escuela JosÃ© Domingo Arango de betania Quiero saber para cuando me tocarÃ­a para yo tener esa fecha Ya que mi correo no me enviaba el mensaje para irme a vacunar la segunda dosis
44,Y para nata de los caballeros cuando
44,Y 8-1 y el 8-5 para cuando si panama oeste hay bastante contagio y en chorrera no tienen encerrado los domingo deben de vacunar masivamente
44,Muy buenas tardes con todo su respero me puededecir donde estan vacunado por qwn los andes#2seacabo la dosis y estoy cansada de meterme en la pagina y nada q sale mi cita proclamda
44,ğŸ‘ğŸ‘ğŸ‘
44,9-3 se lo saltaron
44,ğŸ‘
44,EstÃ¡n colocando la Pfizer para menores de edad ??????
44,Cuando teda covi que tiempo se tiene que esperar para vacunarse
44,Gracias y se lo voy agradeser y q tengan un buen dia bendiciones a todo el departamento de minsa
45,"Me da tanta risa que pidan que se vacunen y cuando uno va no quieren vacunar, piden una cita que nunca llega, piden un certificado que no quieren recibir y si te va mal te piden hasta recibo de luz como prueba de que vives en el lugar, Â¿PARA QUE PIDEN QUE NOS VACUNEMOS SI NO QUIEREN VACUNAR A LA GENTE?"
45,"Mentira, fueron sin cita, lo dijeron en las noticias."
45,Ya a estas altura deben quitar lo de ka cita previa. Deben abrir para que la gente vacunen
45,Y para el estadio Rommel?
45,El miercoles hay jornada de vacunaciÃ³n en Parque Lefevre y porque hay personas que tenemos la edad y aÃºn no tenemos citas .Nadie quiere ir a ezxponerse por el gusto y no digan que la gente no se quiere vacunar si ustedes no nos dan cita .Hoy lunes y no tengo cita aÃºn para el miÃ©rcoles.Que pasa con ese Sistema reprogramen ese sistema.
45,Hasta cuando estÃ¡n vacunando porque hoy fui y me quedÃ© sin ponerme la segunda dosis
45,Buenas tardes mi mama y yo nos vacunamos el 17 de junio pero las tarjetas dicen en 3 meses ğŸ¤¦â€â™€ï¸ğŸ¤¦â€â™€ï¸y tengo entendido que es un mes ???
45,Me la puse el 21 de junio en mi tarjeta dice segunda dosis el 21 de septiembre... Sera que voy el 21 de julio?? Alguien que aclare xfis
45,Estoy todavÃ­a esperando la cita ğŸ˜–ğŸ™„ğŸ§para vacunaciÃ³n en Albrook !
45,Y en PanamÃ¡ oeste como se hace para la segunda dosis de aztraceneca
45,Cuando para el circuito 8-6 queremos pfizer tambiÃ©n piensan en todos menos en nosotros omar Torrijos santa librada cerrÃ³ batea san isidro Torrijos Carter Milla 8
45,YO EN MI VACUNA NO HICE CITA...FUI VOLUNTARIO...MI MADRE SI LE SALIO SU CITA...YA SE PUSO LAS DOS DOSIS...
46,ğŸ”¥ğŸ”¥
46,eso fue una galleta en gorgona si no me equivoco pero en lajas el rancho se llena mÃ¡s y nadie se da su vuelta
46,El gran negociado de los juezes de paz
46,ğŸ˜‚ğŸ˜‚ğŸ˜‚ğŸ˜‚ğŸ˜‚ğŸ˜‚ğŸ˜‚ğŸ˜‚ que chiste el misna y el virus
46,"Mi vecina llego la semana pasada de tampa trabaja como profa de espaÃ±ol aya y dice que en USA no hay toque de queda no hay 40tena se vacuna el que quiere usa mascarilla el que quiere y los indices de covid son sumamente bajos, abren estadios gimnasios discotecas restaurante bares todo a maxima capacidad y esta todo controlado las escuelas funcionan con normalidad. Si los panameÃ±os no formamos un verguero de verdad esta gente va a segir con su mentira haciendo hositaluchos modulares robando con supuesta aplicacion de miles de pruebas diarias y con todo el combo de robo que tienen armado con este supuesto covid enrriqueciendo mas a los bancos y dejando el pais en la quiebra y si los panameÃ±os no peliamos por nuestros derechos asi nos tendran mientras se lo permitamos"
46,"Dice que eso tenÃ­a permiso dell alcalde, y que el alcalde dijo que Ã©l no iba a dejar de dar esos permisos"
47,Si supuestamente chorrera y San Carlos son los que mÃ¡s casos tienen donde estÃ¡n que no los veo ğŸ¤¡ğŸ™ƒ
47,Bajo q base cientifica sigue la chorrera encerrado el domingo si ningÃºn corregimiento aparece en esa lista.?
47,"El listado dice corregimientos con mas casos d covid y x ningÃºn lado veo q diga q Playa Leona, o Barrio Balboa tengan casos xq seguimos encerrados??"
47,"Eso San Francisco, tÃº puedes"
47,"Bueno eso significa que tenemos que pedir por favor que traigan vacunas de Pfizer para barridos en La Chorrera porque siempre estamos en la lista y los que gracias a Dios estamos cuidandonos no nos contagiemos .Dios los bendiga,acompaÃ±e y los guarde siempre.ğŸ‡µğŸ‡¦â¤ğŸ˜˜ğŸ˜ğŸ¥°ğŸ¤—ğŸ™Œâ¤ğŸŒ¹"
47,"Esa guardia es en el piso, nadie le importa con su vida menos por los demÃ¡s, estÃ¡ como los avisos no vallan a las playas por fuertes oleajes y nada.ğŸ™ˆ"
47,ğŸ˜±ğŸ™
47,ğŸ”¥ğŸ”¥ Panama estÃ© marcando fuerte con COVID y porque no hacen barrido acÃ¡ ??? Pero donde menos marca estÃ¡n allÃ¡ haciendo que ???
47,"Chorrera ni aparece, xq no regresan a la libertad los domingos?... si cuando nos encerraron fue xq en 2 dias estabamos d primeroğŸ¤”"
47,porque si tocumen y 24 de dic. estan de nÃºmero 1 no empezaron el barrido por este sector?
47,Y porque tiene chorrera cuarentena si hay otros lugares con mÃ¡s contagios. No entendÃ­
47,Arraijan nunca sale de los primeros casos y nada de cuarentena.
48,A quien le importa eso?
48,Uf.. MÃ¡s que ayer en UCI.. Que triste..
48,"Comprobado que el virus sobrevive muy poco en superficies, no viaja x aire, solo se contagia x fluidos boca y nariz, osea q la careta es mÃ¡s efectiva, la gente que se contagia en parking es xq bÃ¡sicamente se gritan cuando hablan y cantan, se tocan la cara, se tocan entre sÃ­, luego van a casa encubando y contagian a su familia. PodrÃ­a el gobierno explicar eso sin quedate en casa, o vacunate, algo mÃ¡s Real y explÃ­cito."
48,Lo mismo de siempre
48,"Quiten el negocio q tienen en el aeropuerto. Literal nadie quiere venir a pasar la peor experiencia de su vida a entrar a Panama, tanta vaina para entrar y al final no hay vida nocturna no hay economÃ­a no hay NADA en este paÃ­s. Vivimos prisioneros del maldito PRD"
48,En 24 hora 26 pacientes pasaron a UCI.ğŸ˜¢
48,26 pacientes mas en UCI ponganse serios.
48,Gracias por compartir bendiciones
48,Cuando llega la vacunacion faizer en arraijÃ¡n para las persona de 30 aÃ±os en adelante
48,Por fav tengo una duda si te aplicas la primera dosis aztrazeneca puede aplicar la segunda dosis pfizer. Gracias
48,Esto ya no depende de la cuarentena es conciencia de cada uno.... todos los dÃ­as veo como las personas no hacen ni el mÃ­nimo esfuerzo de cuidarse creen que usar la mascarilla es suficiente.... no seÃ±ores si usted no se lava la manos si usted no desinfecta lo que compra en el supermercado o tienda del chinito si usted no desinfecta lo mÃ­nimo que valla a consumir lo mÃ¡s seguro que adquiera el virus. Creo que si todos pusiÃ©ramos ese esfuerzo todo cambiarÃ­a.... pero no muchos aÃºn no creen otros ni la medidas saben tomar... es cuestiÃ³n de conducta.
48,Falso
49,"Minsa, deben especificar que si ya tienen 4 semanas de haberse colocado la Iera dosis, Ya pueden vacunarse y no esperar los 3 meses. ESO ES LO QUE DEBEN ACLARAR, NO ES POSIBLE QUE LAS ENFERMERAS TENGA QUE DECIRLO."
49,"Minsa, deben especificar que si ya tienen 4 semanas de haberse colocado la Iera dosis, Ya pueden vacunarse y no esperar los 3 meses. ESO ES LO QUE DEBEN ACLARAR, NO ES POSIBLE QUE LAS ENFERMERAS TENGA QUE DECIRLO."
49,Gracias
49,8:30 a.m. y ya no hay vacunas. ğŸ˜±â—
49,AdemÃ¡s el trato y la mala atenciÃ³n que le dan a uno mismo como panameÃ±o y a los turistas extranjero como si uno fuera un delincuente etc etc le falta mas educaciÃ³n y Ã©tica al personal de migraciÃ³n @tocumenaero @minsapma las empresas de turismo en PanamÃ¡ en quiebra total porque ignamiten muchos turistas que viene. A visitar el paÃ­s y conocer a mi en otros paÃ­ses me tratan muy bn como turista
49,"El problema es que al tener la vacuna se relajan CON LAS MEDIDAS DE BIOSEGURIDAD Hemos visto eso en paÃ­ses desarrollados, trayendo como consecuencia retomar las medidas fastidiosas e incÃ³modas para muchos. Pero hasta que no se logre la inmunidad de la mayorÃ­a, estamos fritos. MINSA @minsapma mÃ¡s vacunas por favorrrr, PLAN DE VACUNACIÃ“N MASIVO y continuar con MEDIDAS DE BIOSEGURIDAD"
49,"El comercio de Forex ha cambiado mi vida, l invirtiÃ³ â‚¬ 2500 migul y en solo 7 dÃ­as hÃ¡biles se trafing l se dio cuenta de â‚¬ 16,000 valor de Bitcoin enviado a mi billetera bitcoin. @james_robbinsfx"
49,@minsapma que es domicilio declarado.?
50,Yo quisiera saber cuÃ¡ndo se vacunan el grupo de 18 a 29 aÃ±os? ????
50,La pfizer pa' cuÃ¡ndo en San Miguelito???
50,"Hasta cuando con esta vaina, pongan las vacunas a todos y dejen de hacer propaganda ."
50,No llega la cita y ya voy para dos meses esperando !!! Que hago en este caso ??
50,Y dale con la cita bendita. Abran la vacunaciÃ³n para el que la quiere y punto.
50,Es un genocidio
50,Buenos dÃ­as. Para cuÃ¡ndo 8-6 Pedro Ameglio 2da dosis aztraneszca?
50,Quiten esa cuarentena absurda de domingos queremos libertad vacunen a todos
50,Por favor abran nuevamente en la Pedro Ameglio para la 2da dosis no es justo los que se la pusieron alli ahora tengan que ir hasta los Andes
50,Yo no me puesto ninguna q alquien me ayude eso por cita es mentira por q ya he notado y no salgo dice q no tengo cita aque numero puedo llamr
50,ğŸ˜®ğŸ˜®
50,Conozco dos personas q se pusieron esta vacuna y les diÃ³ covidğŸ™„ğŸ˜³
51,Tengo menos de 30 Y ME QUIERO VACUNAAAARRRRR por Dios hasta cuÃ¡ndo!!!!
51,"Ya comiencen a vacunar a TODO el mundo desde los 12 aÃ±os sin citas, sin certificaciones y punto! Desde tal hora en tales lugares hasta que se acaben las vacunas y asÃ­ sucesivamente, dÃ©jense ya de tanto protocolo."
51,"Ya abran las puertas paea lo que queremos vacunarnos, que no estÃ©n verificando que di hay cita, que si eres de no se donde y nada vacunen para que se mejore la situaciÃ³n"
51,VACUNACIÃ“N MASIVA.
51,UNO LLEGA A SOLICITAR LO VACUNEN Y NO LO HACEN PORQUE NO TENGO CITA. Y EL LUGAR SIN NINGÃšN ALMA VACUNANDOSE Y ELLAS CON EL CELULAR EN LA MANO. DONDE? HOTEL PANAMÃ
51,"Mucho protocolo, deberia haber puestos de vacunacion por todos lados"
51,Ya vacunen a TODO el que quiera!!! Hay gente que NO se quiere vacunar de esas benditas fases mÃ¡s mal organizadas y nos hacen perder tiempo a los que SI queremos!!!! Ya empiecen a tomar buenas decisiones por DIOS !
51,"Por favor, 8-5 cuando"
51,Ustedes mismo se alaban mierco #el buen gobierno.ğŸ˜®ğŸ˜®ğŸ˜®ğŸ˜®
51,Gracias a Dios esta enfermedad no es fÃ¡cil.
51,Cuando vacunaran a los de 20 aÃ±os????? Cuanto mÃ¡s esperamos???????
51,Que bueno xq ya necesito mi vacuna
52,"Que lastima que ni para ir al mall o sacarlo porque sus cuarentena absurdas no tiene como, no hay mÃ¡s alternativas solo que encierro y toque de queda."
52,Si lastima que no puedo ni siquiera sacarlos a comer un helado por estas restricciones ABSURDAS ğŸ™‚
52,Gracias por darle a mi hijo un dÃ­a de encierro ğŸ‘ğŸ‘ğŸ‘ğŸ‘
52,"Minsa, en EspaÃ±ol, lengua Oficial de PanamÃ¡, con escribir DÃ­a del NiÃ±o, es suficiente, abarca ambos sexos. Si hablÃ¡ramos o escribiera mis en FrancÃ©s si serÃ­a lo corrector. No confundamos sexo con gÃ©nero. El primero es de seres vivos, el segundo es de cosas ."
52,Y porque el minsa no usa careta??
52,Basta de restricciones ğŸ˜’
52,ğŸ˜Š
52,Para chica no se puede salir???
52,ğŸ˜¢
52,Absurdo los niÃ±os con mascarillas....
52,Dia del NiÃ±o!! Basta de ridiculeces en el lenguaje
52,"que paso cn los niÃ±os que tenÃ­a en albergue ,si fuera tanto q los quieren ,xq no sigue buscando los acosadores"
53,arraijan tiene mÃ¡s casos que chorrera y sigue abierto ğŸ˜¡
53,Gracias a Dios allÃ­ no aparece ChiriquÃ­ por ningÃºn lado.
53,Penonome no te dejes.
53,Ayer aparecÃ­a Juan demÃ³stenes en nuevo ArraijÃ¡n con 30 casos como nÃºmero 1 y hoy ni en la lista ğŸ˜‚ğŸ˜‚ğŸ˜‚ de un dÃ­a a otro ya no hay ni un caso hayğŸ¤”ğŸ™„ğŸ¤
53,Me preocupa mi Corregimiento de Bethania
53,Que burla! Y porquÃ© ArraijÃ¡n No estÃ¡ de cuarenta Total?
53,"PORQUE MIRCO NO COMENZARON LA VACUNACION DESDE LOS 16 AQUÃ EN PANAMÃ DONDE ESTA EL CASI 90% DE LA ECONOMÃA DEL PAÃS, LOS BRUTOS VAN A COMENZAR EN CHITRE"
53,ğŸ˜¢ğŸ˜¢ğŸ˜¢
53,ğŸ˜±ğŸ™
53,Minsa minsa vengan hacer barrido en veraguas no nadama en chitre y lo santo
53,Para cuÃ¡ndo el barrido de vacunas 8-10
53,"Porque no hay cuarentena total los domingo a PanamÃ¡ y arraijan que son los Ã­ndice con mÃ¡s casos, hasta cuÃ¡ndo con el encerramiento en chorrera"
54,Ya no les creo nada hasta cuando com@esta falsa
54,co
54,Como llevan control de los recuperados...? 11 familiares que se recuperaron por su cuenta y nunca hubo seguimiento...2 familiares hospitalizados a los cuales a su salida con sintomas y nunca hubo seguimiento?
54,Tengo una curiosidad muy grande... Xq serÃ¡ que despuÃ©s q Estados Unido le pidiÃ³ a sus nacionales que. No viajarÃ¡n a panama por el covid y la inseguridad empezaron a bajar los casos covid..
54,Fake news
54,Y hoy que es el dÃ­a del niÃ±o que ando en saliendo todos andan calle llena y como ustedes desean que que se mejore esto y que avancÃ© PanamÃ¡ sÃ­ saliendo todo el mundo a la calle y hace usando la mascarilla abajo en la mejilla sobar abajo de la nariz y saliendo todo es como mÃ¡s personas al contagio eso es lo que opinÃ³
55,"Violaron el orden de vacunaciÃ³n. COCLE todavia no llega la vacunaciÃ³n a mayores de 60 aÃ±os. Se saltaron de 5 al 11 del orden. Y esta haciendo barridos  en el numero 11 , y ahora en corregimientos de la capital, es un irrespeto a los adultos mayores coclesanos"
55,"Que cualquiera se pueda vacunar, hasta cuando!!"
55,Que sucede con los que nos inscribimos desde enero y todavÃ­a no me dan cita pa vacunar e soy dÃ­abetica
55,"Conozco mÃ­nimo 10 personas que no tienen ningÃºn tipo de enfermedad ni discapacidad con edades de 18-19 aÃ±os que estan siendo vacunados, NO ENTIENDO"
55,Vacuna para todos por favor.
55,Todo cool pero cuando se vuelven abrir las vacunaciones de astrazeneca?? Porque llevo semanas intentando y nada
55,Queremos la pfizer
55,"El problema es que meten la mano en lugar del hombro, vacunen al que quiera, independientemente de la edad o residenciağŸ¤·ğŸ¼â€â™€ï¸ğŸ¤¦ğŸ¼â€â™€ï¸"
55,"Vivo en San Francisco, por favor quiero vacunarme y nada de cita!! AcÃ¡ la gente va a bares como si nada! Se necesita yaa"
55,DeberÃ­a darles vergÃ¼enza disque en noviembre. Inaceptable
55,Los adultos mayores en aguadulce esperando mientras vacunan el resto del pais @minsapma por favor una explicacion
55,Los adultos mayores en aguadulce esperando mientras vacunan el resto del pais @minsapma por favor una explicacion
56,"Y por que acÃ¡ en la ciudad no lo hacen asÃ­ sin cita. Es por eso que la gente acÃ¡ no se vacuna por ese trÃ¡mite de citas que tienen, tienen una logÃ­stica arcaica en fin es el minsağŸ˜ª"
56,ğŸ‘ğŸ‘ğŸ‘ğŸ‘
56,"Asi queremos acÃ¡ en La Chorrera,ğŸ‡µğŸ‡¦â¤ğŸ¥°ğŸ¤—ğŸŒ¹"
56,ğŸ‘ğŸ‘ğŸ‘ğŸ‘ vacÃºnate
56,"8-5 para cuando oye.... nos estÃ¡n dejando caer, asÃ­ mismo quiero que vengan a Pedir los votos ...ğŸ˜¡ğŸ˜¡ğŸ˜¡"
56,Debe ser igual para todo el paÃ­s. Debido que es un deber del gobierno.y un derecho para todos los ciudadanos
56,Donde estan vacunando sin cita en la cuidad de panama?
56,y a los de 12 aÅˆos?
56,El tio act con du tattoo
56,ğŸ‘ğŸ˜·ğŸ‘
56,Donde estan vacunando sin cita en la cuidad de panama?
56,Hasta cuando es la vacunaciÃ³n? Y aguadulce para cuando
57,"Y CoclÃ© cuando??, desde enero registrado y nada, los no registrados ya se vacunan de primero, asco de gobierno."
57,"Por favor no nos quedemos atrÃ¡s ya tuvieron reuniÃ³n agradezco la informacion que les pedÃ­ por directo, Ã¡rea de Ancon mayores de 40 aÃ±os a la espera se dijo en noticias seria el circuito 8-7 pero solo se aviso en el Ã¡rea de bella vista para estÃ¡ fase, me pueden informar ya que estoy inscrita hace meses pertenezco Ancon."
57,Lo de edad de 25?
57,X favor barrido en Cocle sean justos x Diooos
57,Cuando en cocle?????
57,Y cuando ese barrido en pedregal y maÃ±anita mi hermano se coloco la astracenica y esta esperando.x la segunda y no le an dado cita
57,Cabrean ya con esta publicidad.
57,ğŸ‘excelente
57,Todo bien excelente atenciÃ³n.
57,"El lunes voy con mi hijo, sin cita como los yeye de San Francisco y sin cita porq no aparece en el sistema de los crÃ³nicos. Ya veremos."
57,Cuando en arraijÃ¡n?.. la siruacion cada vez mas en alza y no acrivan donde lo deberÃ­an hacer
57,No entiendo como se saltaron de la ciudad a Azuero. Por quÃ© en otras provincias no hacen lo mismo.. Acaso los SanteÃ±os son diferentes al resto?. Si van a hacer algo que sea por igual para todos y punto
